-- ============================================================
-- ReliefMesh Sample Data
-- Generated from seed-v2.js
-- ============================================================

-- ============================================================
-- GeographicArea Hierarchy
-- ============================================================
INSERT INTO geographicareas (_id, name, level, parentId, lat, lng, population, isActive) VALUES
('GA0000000000000000000001', 'Chattogram',      'DIVISION', NULL,          22.3569000, 91.7832000, 0, TRUE),
('GA0000000000000000000002', 'Feni',             'DISTRICT', 'GA0000000000000000000001', 23.0141000, 91.3961000, 0, TRUE),
('GA0000000000000000000003', 'Feni Sadar',       'UPAZILA',  'GA0000000000000000000002', 22.9985000, 91.3963000, 0, TRUE),
('GA0000000000000000000004', 'Feni Municipality', 'UNION',   'GA0000000000000000000003', 22.9985000, 91.3963000, 0, TRUE),
('GA0000000000000000000005', 'Ward 1 — North Feni',  'WARD', 'GA0000000000000000000004', 23.0050000, 91.3900000, 0, TRUE),
('GA0000000000000000000006', 'Ward 2 — South Feni',  'WARD', 'GA0000000000000000000004', 22.9900000, 91.3950000, 0, TRUE),
('GA0000000000000000000007', 'Ward 3 — East Feni',   'WARD', 'GA0000000000000000000004', 23.0000000, 91.4050000, 0, TRUE),
('GA0000000000000000000008', 'Ward 4 — West Feni',   'WARD', 'GA0000000000000000000004', 22.9950000, 91.3800000, 0, TRUE),
('GA0000000000000000000009', 'Ward 5 — Central Feni', 'WARD', 'GA0000000000000000000004', 22.9980000, 91.3960000, 0, TRUE);

-- ============================================================
-- Item Categories (Sphere Standards rates)
-- ============================================================
INSERT INTO itemcategories (_id, name, unit, per_person_per_day_qty, isActive) VALUES
('IC0000000000000000000001', 'Rice',          'kg',     0.5,   TRUE),
('IC0000000000000000000002', 'Water',         'liters', 3.0,   TRUE),
('IC0000000000000000000003', 'Dry Food',      'pcs',    2.0,   TRUE),
('IC0000000000000000000004', 'Tarp / Shelter','pcs',    1.0,   TRUE),
('IC0000000000000000000005', 'Medicine Kit',  'pcs',    0.1,   TRUE);

-- ============================================================
-- Users (password: password123)
-- ============================================================
INSERT INTO users (_id, name, email, passwordHash, role, organization, jurisdictionId, address, phone, isActive) VALUES
('US0000000000000000000001', 'Kamal Hossain',  'upazila@reliefmesh.test',   '$2b$10$placeholder_hash_here', 'UPAZILA_OFFICER', NULL,   'GA0000000000000000000003', NULL, NULL, TRUE),
('US0000000000000000000002', 'Rahim Uddin',    'upofficial@reliefmesh.test', '$2b$10$placeholder_hash_here', 'UP_OFFICIAL',     NULL,   'GA0000000000000000000004', NULL, NULL, TRUE),
('US0000000000000000000003', 'Nasrin Akter',   'ngo@reliefmesh.test',       '$2b$10$placeholder_hash_here', 'NGO_WORKER',      'BRAC', 'GA0000000000000000000004', NULL, NULL, TRUE),
('US0000000000000000000004', 'Jamil Hassan',   'citizen@reliefmesh.test',   '$2b$10$placeholder_hash_here', 'CITIZEN',         NULL,   NULL,                        'Feni Sadar', '01712345678', TRUE);

-- ============================================================
-- Sample Households (5 per ward = 25 total)
-- ============================================================
INSERT INTO households (_id, headName, nid, gps_lat, gps_lng, familySize, children_0_5, over_60, adults_18_59, elderly, disabled, pregnant, jurisdictionId, registeredBy) VALUES
-- Ward 1 — North Feni
('HH0000000000000000000001', 'Resident 1',  '10000000001', 23.0050000, 91.3900000, 5, 1, 1, 3, TRUE, TRUE, FALSE, 'GA0000000000000000000005', 'US0000000000000000000001'),
('HH0000000000000000000002', 'Resident 2',  '10000000002', 23.0070000, 91.3900000, 4, 0, 1, 3, TRUE, FALSE, TRUE,  'GA0000000000000000000005', 'US0000000000000000000001'),
('HH0000000000000000000003', 'Resident 3',  '10000000003', 23.0090000, 91.3900000, 3, 0, 0, 3, FALSE, FALSE, FALSE, 'GA0000000000000000000005', 'US0000000000000000000001'),
('HH0000000000000000000004', 'Resident 4',  '10000000004', 23.0110000, 91.3900000, 6, 1, 0, 5, FALSE, FALSE, FALSE, 'GA0000000000000000000005', 'US0000000000000000000001'),
('HH0000000000000000000005', 'Resident 5',  '10000000005', 23.0130000, 91.3900000, 4, 0, 1, 3, TRUE, FALSE, FALSE, 'GA0000000000000000000005', 'US0000000000000000000001'),
-- Ward 2 — South Feni
('HH0000000000000000000006', 'Resident 6',  '10000000006', 22.9900000, 91.3950000, 5, 1, 0, 4, FALSE, FALSE, FALSE, 'GA0000000000000000000006', 'US0000000000000000000001'),
('HH0000000000000000000007', 'Resident 7',  '10000000007', 22.9920000, 91.3950000, 3, 0, 1, 2, TRUE, FALSE, FALSE, 'GA0000000000000000000006', 'US0000000000000000000001'),
('HH0000000000000000000008', 'Resident 8',  '10000000008', 22.9940000, 91.3950000, 4, 1, 0, 3, FALSE, FALSE, TRUE,  'GA0000000000000000000006', 'US0000000000000000000001'),
('HH0000000000000000000009', 'Resident 9',  '10000000009', 22.9960000, 91.3950000, 6, 1, 1, 4, TRUE, FALSE, FALSE, 'GA0000000000000000000006', 'US0000000000000000000001'),
('HH0000000000000000000010', 'Resident 10', '10000000010', 22.9980000, 91.3950000, 3, 0, 0, 3, FALSE, FALSE, FALSE, 'GA0000000000000000000006', 'US0000000000000000000001'),
-- Ward 3 — East Feni
('HH0000000000000000000011', 'Resident 11', '10000000011', 23.0000000, 91.4050000, 4, 0, 1, 3, TRUE, FALSE, FALSE, 'GA0000000000000000000007', 'US0000000000000000000001'),
('HH0000000000000000000012', 'Resident 12', '10000000012', 23.0020000, 91.4050000, 5, 1, 0, 4, FALSE, FALSE, FALSE, 'GA0000000000000000000007', 'US0000000000000000000001'),
('HH0000000000000000000013', 'Resident 13', '10000000013', 23.0040000, 91.4050000, 3, 0, 0, 3, FALSE, FALSE, FALSE, 'GA0000000000000000000007', 'US0000000000000000000001'),
('HH0000000000000000000014', 'Resident 14', '10000000014', 23.0060000, 91.4050000, 6, 1, 1, 4, TRUE, FALSE, FALSE, 'GA0000000000000000000007', 'US0000000000000000000001'),
('HH0000000000000000000015', 'Resident 15', '10000000015', 23.0080000, 91.4050000, 4, 0, 0, 4, FALSE, FALSE, TRUE,  'GA0000000000000000000007', 'US0000000000000000000001'),
-- Ward 4 — West Feni
('HH0000000000000000000016', 'Resident 16', '10000000016', 22.9950000, 91.3800000, 5, 1, 0, 4, FALSE, FALSE, FALSE, 'GA0000000000000000000008', 'US0000000000000000000001'),
('HH0000000000000000000017', 'Resident 17', '10000000017', 22.9970000, 91.3800000, 3, 0, 1, 2, TRUE, FALSE, FALSE, 'GA0000000000000000000008', 'US0000000000000000000001'),
('HH0000000000000000000018', 'Resident 18', '10000000018', 22.9990000, 91.3800000, 4, 1, 0, 3, FALSE, FALSE, TRUE,  'GA0000000000000000000008', 'US0000000000000000000001'),
('HH0000000000000000000019', 'Resident 19', '10000000019', 23.0010000, 91.3800000, 6, 1, 1, 4, TRUE, TRUE, FALSE, 'GA0000000000000000000008', 'US0000000000000000000001'),
('HH0000000000000000000020', 'Resident 20', '10000000020', 23.0030000, 91.3800000, 3, 0, 0, 3, FALSE, FALSE, FALSE, 'GA0000000000000000000008', 'US0000000000000000000001'),
-- Ward 5 — Central Feni
('HH0000000000000000000021', 'Resident 21', '10000000021', 22.9980000, 91.3960000, 4, 0, 1, 3, TRUE, FALSE, FALSE, 'GA0000000000000000000009', 'US0000000000000000000001'),
('HH0000000000000000000022', 'Resident 22', '10000000022', 23.0000000, 91.3960000, 5, 1, 0, 4, FALSE, FALSE, FALSE, 'GA0000000000000000000009', 'US0000000000000000000001'),
('HH0000000000000000000023', 'Resident 23', '10000000023', 23.0020000, 91.3960000, 3, 0, 0, 3, FALSE, FALSE, FALSE, 'GA0000000000000000000009', 'US0000000000000000000001'),
('HH0000000000000000000024', 'Resident 24', '10000000024', 23.0040000, 91.3960000, 6, 1, 1, 4, TRUE, FALSE, FALSE, 'GA0000000000000000000009', 'US0000000000000000000001'),
('HH0000000000000000000025', 'Resident 25', '10000000025', 23.0060000, 91.3960000, 4, 0, 0, 4, FALSE, FALSE, TRUE,  'GA0000000000000000000009', 'US0000000000000000000001');

-- ============================================================
-- Sample Need Assessments (Ward 1 sample)
-- ============================================================
INSERT INTO needassessments (_id, areaId, itemCategoryId, calculated_qty, coverageDays, demo_totalPop, demo_children05, demo_over60, demo_adults1859) VALUES
('NA0000000000000000000001', 'GA0000000000000000000005', 'IC0000000000000000000001', 105.0, 7, 22, 3, 3, 16),
('NA0000000000000000000002', 'GA0000000000000000000005', 'IC0000000000000000000002', 462.0, 7, 22, 3, 3, 16),
('NA0000000000000000000003', 'GA0000000000000000000005', 'IC0000000000000000000003', 308.0, 7, 22, 3, 3, 16),
('NA0000000000000000000004', 'GA0000000000000000000005', 'IC0000000000000000000004', 154.0, 7, 22, 3, 3, 16),
('NA0000000000000000000005', 'GA0000000000000000000005', 'IC0000000000000000000005',  15.4, 7, 22, 3, 3, 16);

-- ============================================================
-- Sample Relief Pledges
-- ============================================================
INSERT INTO reliefpledges (_id, source_type, source_name, source_contact, areaId, itemCategoryId, total_qty, distributed_qty, status, pledgedBy) VALUES
('RP0000000000000000000001', 'GOVERNMENT', 'Upazila Administration', 'up@feni.gov.bd',    'GA0000000000000000000005', 'IC0000000000000000000001', 5000, 1200, 'IN_FULFILLMENT', 'US0000000000000000000001'),
('RP0000000000000000000002', 'NGO',         'BRAC',                   'brac@contact.org', 'GA0000000000000000000006', 'IC0000000000000000000002', 10000, 0,    'PENDING',         'US0000000000000000000001'),
('RP0000000000000000000003', 'INDIVIDUAL',  'John Doe',              '+880-1700000000',  'GA0000000000000000000007', 'IC0000000000000000000003', 500,   0,    'PENDING',         'US0000000000000000000001'),
('RP0000000000000000000004', 'CORPORATE',  'Square Pharma',          'info@squarepharma.com', 'GA0000000000000000000005', 'IC0000000000000000000005', 2000, 2000, 'COMPLETED',    'US0000000000000000000001');

-- ============================================================
-- Sample Distribution Logs
-- ============================================================
INSERT INTO distributionlogs (_id, householdId, officerId, itemCategoryId, quantity, unit, gps_lat, gps_lng, syncStatus, pledgeId) VALUES
('DL0000000000000000000001', 'HH0000000000000000000001', 'US0000000000000000000002', 'IC0000000000000000000001', 25.0, 'kg',  23.0050000, 91.3900000, 'SYNCED', 'RP0000000000000000000001'),
('DL0000000000000000000002', 'HH0000000000000000000002', 'US0000000000000000000002', 'IC0000000000000000000001', 20.0, 'kg',  23.0070000, 91.3900000, 'SYNCED', 'RP0000000000000000000001'),
('DL0000000000000000000003', 'HH0000000000000000000001', 'US0000000000000000000002', 'IC0000000000000000000002', 15.0, 'liters', 23.0050000, 91.3900000, 'SYNCED', NULL);

-- ============================================================
-- Sample Feedback
-- ============================================================
INSERT INTO feedbacks (_id, name, contact, category, message, isRead) VALUES
('FB0000000000000000000001', 'Jamil Hassan', '01712345678', 'SUGGESTION', 'Need more water distribution points in Ward 3', FALSE),
('FB0000000000000000000002', 'Nasrin Akter', '01812345678', 'APPRECIATION', 'BRAC distribution was well organized', TRUE);
